{"cameraMode":{"drawMode":0,"name":"Shaded","section":"Shading Mode"},"sceneLighting":true,"audioPlay":false,"sceneViewState":{"m_AlwaysRefresh":false,"showFog":true,"showSkybox":true,"showFlares":true,"showImageEffects":true,"showParticleSystems":true,"showVisualEffectGraphs":true,"m_FxEnabled":true},"in2DMode":false,"pivot":{"x":0.22103306651115418,"y":0.954462468624115,"z":-0.04334430396556854},"rotation":{"x":-0.23085948824882508,"y":0.3120575547218323,"z":-0.07845582813024521,"w":-0.9182420969009399},"size":1.415897250175476,"orthographic":false}